<?xml version="1.0" standalone="yes"?>
<csixml version="1.0">
<head>
<environment>
<station-name>SMS1s2</station-name>
<table-name>StaSMS1</table-name>
<model>CR1000</model>
<serial-no>�1677721046.008</serial-no>
<os-version>CR1000.Std.27.04</os-version>
<dld-name>CPU:SMS1s2_20150820_1.CR1</dld-name>
<dld-sig>31380</dld-sig>
</environment>
<fields>
<field name="Batt12V_Min" type="xsd:float" units="Volts" process="Min"/>
<field name="PTempC" type="xsd:float" units="C" process="Smp"/>
<field name="DifTime(1)" type="xsd:float" process="Smp"/>
<field name="DifTime(2)" type="xsd:float" process="Smp"/>
<field name="DifTime(3)" type="xsd:float" process="Smp"/>
<field name="DifTime(4)" type="xsd:float" process="Smp"/>
<field name="DifTime(5)" type="xsd:float" process="Smp"/>
<field name="DifTime(6)" type="xsd:float" process="Smp"/>
</fields>
</head>
<data>
<r time="2017-02-15T08:00:00" no="9704">
<v1>13.75</v1><v2>11.43</v2><v3>0</v3><v4>0</v4><v5>0</v5><v6>0</v6><v7>0</v7><v8>0</v8></r></data>
</csixml>
