<?xml version="1.0" standalone="yes"?>
<csixml version="1.0">
<head>
<environment>
<station-name>SMS1s2</station-name>
<table-name>TmpSMS1</table-name>
<model>CR1000</model>
<serial-no>�1677721046.008</serial-no>
<os-version>CR1000.Std.27.04</os-version>
<dld-name>CPU:SMS1s2_20150820_1.CR1</dld-name>
<dld-sig>31380</dld-sig>
</environment>
<fields>
<field name="SensorT_Avg" type="xsd:float" units="C" process="Avg"/>
</fields>
</head>
<data>
<r time="2017-02-15T07:05:00" no="120817">
<v1>1.221</v1></r><r time="2017-02-15T07:10:00" no="120818">
<v1>1.287</v1></r><r time="2017-02-15T07:15:00" no="120819">
<v1>1.302</v1></r><r time="2017-02-15T07:20:00" no="120820">
<v1>1.749</v1></r><r time="2017-02-15T07:25:00" no="120821">
<v1>2.189</v1></r><r time="2017-02-15T07:30:00" no="120822">
<v1>1.995</v1></r><r time="2017-02-15T07:35:00" no="120823">
<v1>1.983</v1></r><r time="2017-02-15T07:40:00" no="120824">
<v1>2.331</v1></r><r time="2017-02-15T07:45:00" no="120825">
<v1>2.83</v1></r><r time="2017-02-15T07:50:00" no="120826">
<v1>2.82</v1></r><r time="2017-02-15T07:55:00" no="120827">
<v1>2.798</v1></r><r time="2017-02-15T08:00:00" no="120828">
<v1>2.795</v1></r></data>
</csixml>
