<?xml version="1.0" standalone="yes"?>
<csixml version="1.0">
<head>
<environment>
<station-name>SMS1s2</station-name>
<table-name>TotSMS1</table-name>
<model>CR1000</model>
<serial-no>�1677721046.008</serial-no>
<os-version>CR1000.Std.27.04</os-version>
<dld-name>CPU:SMS1s2_20150820_1.CR1</dld-name>
<dld-sig>31380</dld-sig>
</environment>
<fields>
<field name="TDir_Wm2_Tot" type="xsd:float" units="W/m2" process="Tot"/>
<field name="TDif_Wm2_Tot" type="xsd:float" units="W/m2" process="Tot"/>
<field name="TGlo_Wm2_Tot" type="xsd:float" units="W/m2" process="Tot"/>
<field name="TCWD_Wm2_Tot" type="xsd:float" units="W/m2" process="Tot"/>
</fields>
</head>
<data>
</data>
</csixml>
